{
  "name": "reduxApp",
  "version": "1.0.0",
  "description": "",
  "main": "index.js",
  "scripts": {
    "test": "echo \"Error: no test specified\" && exit 1"
  },
  "keywords": [],
  "author": "",
  "license": "ISC",
  "devDependencies": {
    "redux-logger": "^2.8.1",
    "webpack": "^2.2.1"
  },
  "dependencies": {
    "babel-core": "^6.23.1",
    "babel-loader": "^6.3.2",
    "babel-preset-es2015": "^6.22.0",
    "babel-preset-react": "^6.23.0",
    "babel-preset-stage-1": "^6.22.0",
    "express": "^4.14.1",
    "react": "^15.4.2",
    "react-bootstrap": "^0.30.7",
    "react-dom": "^15.4.2",
    "react-redux": "^5.0.3",
    "react-router": "^3.0.2",
    "redux": "^3.6.0"
  }
}
